Year Month Day,neg,neu,pos
2014-10-1,0.0,29.0,0.0
2014-10-10,0.0,19.0,0.0
2014-10-11,0.0,26.0,1.0
2014-10-12,0.0,9.0,0.0
2014-10-13,0.0,19.0,0.0
2014-10-14,0.0,15.0,0.0
2014-10-15,1.0,19.0,0.0
2014-10-16,0.0,17.0,0.0
2014-10-17,0.0,18.0,0.0
2014-10-18,0.0,12.0,0.0
2014-10-19,0.0,3.0,0.0
2014-10-2,0.0,32.0,0.0
2014-10-20,0.0,18.0,0.0
2014-10-21,1.0,31.0,0.0
2014-10-22,0.0,15.0,0.0
2014-10-23,0.0,21.0,0.0
2014-10-24,1.0,21.0,0.0
2014-10-25,0.0,6.0,0.0
2014-10-26,0.0,9.0,0.0
2014-10-27,0.0,15.0,0.0
2014-10-28,0.0,19.0,0.0
2014-10-29,2.0,52.0,1.0
2014-10-3,0.0,15.0,0.0
2014-10-30,1.0,22.0,0.0
2014-10-31,1.0,20.0,0.0
2014-10-4,0.0,6.0,0.0
2014-10-5,0.0,12.0,0.0
2014-10-6,1.0,83.0,0.0
2014-10-7,0.0,38.0,0.0
2014-10-8,0.0,30.0,0.0
2014-10-9,0.0,36.0,0.0
2014-11-1,0.0,8.0,0.0
2014-11-10,1.0,29.0,1.0
2014-11-11,0.0,33.0,0.0
2014-11-12,0.0,16.0,0.0
2014-11-13,0.0,14.0,0.0
2014-11-14,0.0,16.0,0.0
2014-11-15,1.0,10.0,0.0
2014-11-16,0.0,9.0,0.0
2014-11-17,0.0,14.0,1.0
2014-11-18,2.0,35.0,1.0
2014-11-19,1.0,14.0,0.0
2014-11-2,0.0,5.0,0.0
2014-11-20,0.0,31.0,1.0
2014-11-21,0.0,27.0,3.0
2014-11-22,0.0,9.0,1.0
2014-11-23,0.0,24.0,1.0
2014-11-24,0.0,21.0,0.0
2014-11-25,0.0,12.0,0.0
2014-11-26,0.0,11.0,0.0
2014-11-27,0.0,36.0,0.0
2014-11-28,1.0,48.0,0.0
2014-11-29,0.0,15.0,0.0
2014-11-3,1.0,10.0,0.0
2014-11-30,0.0,14.0,1.0
2014-11-4,0.0,24.0,0.0
2014-11-5,0.0,19.0,0.0
2014-11-6,0.0,16.0,0.0
2014-11-7,0.0,24.0,0.0
2014-11-8,1.0,10.0,0.0
2014-11-9,0.0,8.0,0.0
2014-12-1,0.0,17.0,1.0
2014-12-10,0.0,15.0,0.0
2014-12-11,0.0,18.0,1.0
2014-12-12,0.0,39.0,1.0
2014-12-13,0.0,13.0,0.0
2014-12-14,0.0,25.0,1.0
2014-12-15,1.0,12.0,0.0
2014-12-16,0.0,18.0,1.0
2014-12-17,1.0,34.0,0.0
2014-12-18,1.0,32.0,2.0
2014-12-19,0.0,23.0,0.0
2014-12-2,0.0,21.0,0.0
2014-12-20,0.0,9.0,1.0
2014-12-21,0.0,11.0,0.0
2014-12-22,0.0,23.0,0.0
2014-12-23,0.0,18.0,0.0
2014-12-24,0.0,31.0,0.0
2014-12-25,0.0,9.0,1.0
2014-12-26,0.0,7.0,2.0
2014-12-27,0.0,13.0,0.0
2014-12-28,2.0,29.0,0.0
2014-12-29,0.0,15.0,0.0
2014-12-3,1.0,15.0,0.0
2014-12-30,0.0,10.0,0.0
2014-12-31,0.0,27.0,1.0
2014-12-4,1.0,12.0,0.0
2014-12-5,0.0,11.0,0.0
2014-12-6,0.0,12.0,0.0
2014-12-7,0.0,10.0,0.0
2014-12-8,0.0,17.0,0.0
2014-12-9,0.0,14.0,0.0
2014-7-1,0.0,4.0,0.0
2014-7-10,0.0,12.0,0.0
2014-7-11,0.0,15.0,0.0
2014-7-12,0.0,5.0,0.0
2014-7-13,0.0,5.0,0.0
2014-7-14,0.0,12.0,0.0
2014-7-15,0.0,20.0,1.0
2014-7-16,0.0,11.0,0.0
2014-7-17,0.0,14.0,0.0
2014-7-18,0.0,10.0,0.0
2014-7-19,0.0,16.0,0.0
2014-7-2,0.0,12.0,1.0
2014-7-20,0.0,12.0,0.0
2014-7-21,0.0,7.0,0.0
2014-7-22,0.0,10.0,1.0
2014-7-23,0.0,9.0,3.0
2014-7-24,0.0,18.0,2.0
2014-7-25,0.0,10.0,0.0
2014-7-26,0.0,7.0,0.0
2014-7-27,0.0,7.0,0.0
2014-7-28,0.0,11.0,0.0
2014-7-29,0.0,9.0,0.0
2014-7-3,0.0,17.0,1.0
2014-7-30,1.0,12.0,0.0
2014-7-31,0.0,13.0,0.0
2014-7-4,0.0,4.0,0.0
2014-7-5,0.0,1.0,0.0
2014-7-7,0.0,7.0,1.0
2014-7-8,1.0,14.0,0.0
2014-7-9,0.0,17.0,0.0
2014-8-1,0.0,13.0,0.0
2014-8-10,1.0,10.0,0.0
2014-8-11,0.0,10.0,0.0
2014-8-12,0.0,12.0,0.0
2014-8-13,0.0,8.0,0.0
2014-8-14,0.0,28.0,2.0
2014-8-15,0.0,16.0,0.0
2014-8-16,0.0,6.0,0.0
2014-8-17,0.0,1.0,0.0
2014-8-18,0.0,18.0,0.0
2014-8-19,0.0,11.0,0.0
2014-8-2,0.0,12.0,0.0
2014-8-20,0.0,16.0,0.0
2014-8-21,0.0,32.0,1.0
2014-8-22,0.0,28.0,0.0
2014-8-23,0.0,9.0,0.0
2014-8-24,0.0,20.0,0.0
2014-8-25,0.0,14.0,0.0
2014-8-26,0.0,15.0,0.0
2014-8-27,0.0,12.0,0.0
2014-8-28,0.0,18.0,0.0
2014-8-29,0.0,14.0,0.0
2014-8-3,0.0,10.0,0.0
2014-8-30,0.0,17.0,0.0
2014-8-31,0.0,9.0,0.0
2014-8-4,0.0,12.0,0.0
2014-8-5,0.0,28.0,4.0
2014-8-6,1.0,15.0,4.0
2014-8-7,0.0,15.0,0.0
2014-8-8,1.0,24.0,1.0
2014-8-9,0.0,25.0,3.0
2014-9-1,0.0,45.0,4.0
2014-9-10,0.0,16.0,0.0
2014-9-11,0.0,12.0,1.0
2014-9-12,0.0,25.0,0.0
2014-9-13,0.0,4.0,0.0
2014-9-14,0.0,6.0,0.0
2014-9-15,0.0,11.0,0.0
2014-9-16,0.0,18.0,0.0
2014-9-17,0.0,11.0,0.0
2014-9-18,0.0,20.0,0.0
2014-9-19,0.0,23.0,0.0
2014-9-2,0.0,33.0,0.0
2014-9-20,0.0,7.0,0.0
2014-9-21,0.0,4.0,0.0
2014-9-22,0.0,15.0,0.0
2014-9-23,0.0,9.0,0.0
2014-9-24,1.0,23.0,2.0
2014-9-25,0.0,13.0,0.0
2014-9-26,0.0,16.0,0.0
2014-9-27,0.0,7.0,1.0
2014-9-28,0.0,14.0,0.0
2014-9-29,0.0,27.0,0.0
2014-9-3,0.0,26.0,0.0
2014-9-30,0.0,16.0,0.0
2014-9-4,0.0,35.0,1.0
2014-9-5,0.0,15.0,1.0
2014-9-6,0.0,20.0,1.0
2014-9-7,0.0,23.0,0.0
2014-9-8,0.0,28.0,0.0
2014-9-9,1.0,18.0,1.0
2015-1-1,0.0,21.0,0.0
2015-1-10,1.0,25.0,0.0
2015-1-11,0.0,12.0,0.0
2015-1-12,0.0,10.0,0.0
2015-1-13,0.0,10.0,0.0
2015-1-14,0.0,33.0,1.0
2015-1-15,1.0,18.0,1.0
2015-1-16,1.0,19.0,0.0
2015-1-17,1.0,12.0,0.0
2015-1-18,0.0,10.0,0.0
2015-1-19,1.0,11.0,0.0
2015-1-2,0.0,17.0,0.0
2015-1-20,0.0,14.0,0.0
2015-1-21,0.0,20.0,0.0
2015-1-22,0.0,10.0,1.0
2015-1-23,0.0,24.0,1.0
2015-1-24,1.0,7.0,1.0
2015-1-25,0.0,9.0,0.0
2015-1-26,1.0,15.0,0.0
2015-1-27,0.0,18.0,0.0
2015-1-28,0.0,21.0,0.0
2015-1-29,0.0,23.0,0.0
2015-1-3,0.0,18.0,1.0
2015-1-30,0.0,13.0,0.0
2015-1-31,0.0,5.0,0.0
2015-1-4,0.0,19.0,0.0
2015-1-5,0.0,27.0,0.0
2015-1-6,0.0,17.0,0.0
2015-1-7,0.0,32.0,0.0
2015-1-8,0.0,11.0,0.0
2015-1-9,0.0,31.0,0.0
2015-10-1,0.0,15.0,0.0
2015-10-10,0.0,23.0,0.0
2015-10-11,0.0,14.0,0.0
2015-10-12,0.0,12.0,0.0
2015-10-13,0.0,58.0,4.0
2015-10-14,0.0,30.0,3.0
2015-10-15,0.0,37.0,0.0
2015-10-16,0.0,18.0,0.0
2015-10-17,0.0,8.0,0.0
2015-10-18,0.0,33.0,3.0
2015-10-19,0.0,19.0,0.0
2015-10-2,0.0,30.0,1.0
2015-10-20,0.0,15.0,0.0
2015-10-21,0.0,8.0,0.0
2015-10-22,0.0,22.0,1.0
2015-10-23,0.0,9.0,0.0
2015-10-24,0.0,22.0,0.0
2015-10-25,0.0,6.0,0.0
2015-10-26,0.0,1.0,0.0
2015-10-27,1.0,13.0,0.0
2015-10-28,1.0,4.0,0.0
2015-10-29,0.0,17.0,0.0
2015-10-3,0.0,6.0,0.0
2015-10-30,0.0,14.0,1.0
2015-10-31,0.0,4.0,0.0
2015-10-4,0.0,12.0,0.0
2015-10-5,0.0,16.0,0.0
2015-10-6,0.0,17.0,0.0
2015-10-7,0.0,39.0,1.0
2015-10-8,0.0,29.0,2.0
2015-10-9,0.0,19.0,0.0
2015-11-1,0.0,8.0,0.0
2015-11-10,0.0,14.0,0.0
2015-11-11,0.0,22.0,0.0
2015-11-12,0.0,15.0,0.0
2015-11-13,0.0,17.0,0.0
2015-11-14,0.0,8.0,0.0
2015-11-15,0.0,4.0,0.0
2015-11-16,0.0,16.0,0.0
2015-11-17,2.0,40.0,0.0
2015-11-18,2.0,25.0,0.0
2015-11-19,2.0,33.0,2.0
2015-11-2,0.0,6.0,0.0
2015-11-20,1.0,27.0,0.0
2015-11-21,0.0,6.0,0.0
2015-11-22,0.0,12.0,0.0
2015-11-23,0.0,15.0,0.0
2015-11-24,0.0,15.0,0.0
2015-11-25,1.0,91.0,1.0
2015-11-26,0.0,31.0,0.0
2015-11-27,0.0,35.0,0.0
2015-11-28,0.0,39.0,1.0
2015-11-29,0.0,28.0,0.0
2015-11-3,0.0,13.0,0.0
2015-11-30,0.0,13.0,0.0
2015-11-4,0.0,13.0,0.0
2015-11-5,2.0,25.0,0.0
2015-11-6,0.0,23.0,4.0
2015-11-7,1.0,10.0,0.0
2015-11-8,0.0,26.0,0.0
2015-11-9,0.0,21.0,0.0
2015-12-1,0.0,42.0,0.0
2015-12-10,0.0,21.0,0.0
2015-12-11,0.0,19.0,2.0
2015-12-12,0.0,10.0,0.0
2015-12-13,0.0,10.0,0.0
2015-12-14,0.0,20.0,2.0
2015-12-15,0.0,20.0,1.0
2015-12-16,0.0,13.0,0.0
2015-12-17,0.0,22.0,2.0
2015-12-18,0.0,35.0,1.0
2015-12-19,0.0,11.0,1.0
2015-12-2,0.0,41.0,0.0
2015-12-20,0.0,7.0,0.0
2015-12-21,0.0,21.0,0.0
2015-12-22,0.0,17.0,0.0
2015-12-23,0.0,28.0,0.0
2015-12-24,0.0,29.0,1.0
2015-12-25,0.0,14.0,0.0
2015-12-26,0.0,10.0,0.0
2015-12-27,0.0,16.0,0.0
2015-12-28,0.0,19.0,0.0
2015-12-29,2.0,16.0,0.0
2015-12-3,1.0,17.0,0.0
2015-12-30,0.0,21.0,0.0
2015-12-31,0.0,17.0,1.0
2015-12-4,0.0,31.0,0.0
2015-12-5,0.0,14.0,0.0
2015-12-6,0.0,17.0,1.0
2015-12-7,0.0,23.0,1.0
2015-12-8,0.0,18.0,0.0
2015-12-9,1.0,11.0,0.0
2015-2-1,0.0,9.0,2.0
2015-2-10,0.0,19.0,1.0
2015-2-11,0.0,17.0,0.0
2015-2-12,1.0,26.0,0.0
2015-2-13,0.0,21.0,0.0
2015-2-14,0.0,13.0,1.0
2015-2-15,0.0,10.0,0.0
2015-2-16,0.0,16.0,0.0
2015-2-17,0.0,45.0,1.0
2015-2-18,0.0,24.0,1.0
2015-2-19,0.0,28.0,0.0
2015-2-2,0.0,24.0,0.0
2015-2-20,0.0,18.0,1.0
2015-2-21,0.0,14.0,1.0
2015-2-22,0.0,10.0,3.0
2015-2-23,1.0,19.0,0.0
2015-2-24,0.0,25.0,0.0
2015-2-25,0.0,13.0,0.0
2015-2-26,0.0,20.0,0.0
2015-2-27,0.0,35.0,0.0
2015-2-28,0.0,11.0,1.0
2015-2-3,1.0,13.0,0.0
2015-2-4,0.0,28.0,0.0
2015-2-5,0.0,22.0,0.0
2015-2-6,0.0,10.0,0.0
2015-2-7,0.0,4.0,0.0
2015-2-8,0.0,15.0,0.0
2015-2-9,0.0,15.0,0.0
2015-3-1,0.0,5.0,0.0
2015-3-10,0.0,36.0,1.0
2015-3-11,0.0,18.0,0.0
2015-3-12,1.0,45.0,1.0
2015-3-13,2.0,31.0,0.0
2015-3-14,0.0,5.0,0.0
2015-3-15,0.0,7.0,0.0
2015-3-16,0.0,13.0,0.0
2015-3-17,0.0,22.0,0.0
2015-3-18,0.0,21.0,1.0
2015-3-19,0.0,66.0,0.0
2015-3-2,1.0,16.0,0.0
2015-3-20,0.0,19.0,1.0
2015-3-21,0.0,19.0,0.0
2015-3-22,0.0,5.0,0.0
2015-3-23,0.0,15.0,0.0
2015-3-24,0.0,17.0,2.0
2015-3-25,1.0,22.0,0.0
2015-3-26,0.0,8.0,0.0
2015-3-27,0.0,34.0,3.0
2015-3-28,0.0,20.0,0.0
2015-3-29,2.0,19.0,0.0
2015-3-3,0.0,18.0,1.0
2015-3-30,1.0,5.0,0.0
2015-3-31,1.0,16.0,0.0
2015-3-4,1.0,19.0,0.0
2015-3-5,0.0,16.0,0.0
2015-3-6,0.0,24.0,0.0
2015-3-7,0.0,16.0,0.0
2015-3-8,0.0,6.0,0.0
2015-3-9,0.0,17.0,0.0
2015-4-1,0.0,19.0,2.0
2015-4-10,1.0,35.0,0.0
2015-4-11,0.0,10.0,0.0
2015-4-12,1.0,11.0,0.0
2015-4-13,0.0,13.0,0.0
2015-4-14,0.0,5.0,0.0
2015-4-15,0.0,14.0,1.0
2015-4-16,0.0,12.0,1.0
2015-4-17,0.0,25.0,0.0
2015-4-18,0.0,9.0,0.0
2015-4-19,0.0,9.0,0.0
2015-4-2,1.0,34.0,0.0
2015-4-20,0.0,20.0,0.0
2015-4-21,0.0,16.0,0.0
2015-4-22,0.0,17.0,0.0
2015-4-23,0.0,13.0,0.0
2015-4-24,0.0,23.0,0.0
2015-4-25,0.0,12.0,0.0
2015-4-26,0.0,4.0,0.0
2015-4-27,0.0,16.0,0.0
2015-4-28,0.0,28.0,3.0
2015-4-29,0.0,15.0,0.0
2015-4-3,0.0,10.0,0.0
2015-4-30,1.0,24.0,0.0
2015-4-4,0.0,6.0,0.0
2015-4-5,0.0,16.0,0.0
2015-4-6,0.0,15.0,1.0
2015-4-7,0.0,15.0,0.0
2015-4-8,0.0,17.0,0.0
2015-4-9,0.0,19.0,1.0
2015-5-1,1.0,23.0,1.0
2015-5-10,0.0,60.0,18.0
2015-5-11,0.0,39.0,8.0
2015-5-12,0.0,9.0,0.0
2015-5-13,0.0,6.0,1.0
2015-5-14,0.0,13.0,1.0
2015-5-15,0.0,21.0,0.0
2015-5-16,0.0,8.0,0.0
2015-5-17,0.0,5.0,0.0
2015-5-18,0.0,9.0,0.0
2015-5-19,1.0,8.0,0.0
2015-5-2,0.0,16.0,0.0
2015-5-20,0.0,24.0,0.0
2015-5-21,0.0,17.0,0.0
2015-5-22,0.0,40.0,1.0
2015-5-23,1.0,19.0,1.0
2015-5-24,0.0,6.0,1.0
2015-5-25,0.0,23.0,0.0
2015-5-26,0.0,31.0,0.0
2015-5-27,1.0,37.0,1.0
2015-5-28,0.0,26.0,0.0
2015-5-29,0.0,18.0,2.0
2015-5-3,0.0,16.0,0.0
2015-5-30,0.0,11.0,0.0
2015-5-31,1.0,11.0,1.0
2015-5-4,0.0,36.0,1.0
2015-5-5,0.0,29.0,0.0
2015-5-6,0.0,10.0,0.0
2015-5-7,0.0,38.0,1.0
2015-5-8,0.0,32.0,1.0
2015-5-9,0.0,15.0,0.0
2015-6-1,0.0,10.0,0.0
2015-6-10,0.0,14.0,2.0
2015-6-11,0.0,33.0,0.0
2015-6-12,1.0,27.0,0.0
2015-6-13,0.0,5.0,0.0
2015-6-14,0.0,7.0,0.0
2015-6-15,0.0,19.0,0.0
2015-6-16,0.0,41.0,1.0
2015-6-17,0.0,41.0,0.0
2015-6-18,0.0,32.0,0.0
2015-6-19,0.0,41.0,0.0
2015-6-2,0.0,28.0,2.0
2015-6-20,0.0,19.0,0.0
2015-6-21,0.0,20.0,0.0
2015-6-22,0.0,17.0,0.0
2015-6-23,0.0,22.0,0.0
2015-6-24,0.0,17.0,1.0
2015-6-25,1.0,34.0,2.0
2015-6-26,0.0,61.0,2.0
2015-6-27,0.0,26.0,1.0
2015-6-28,0.0,9.0,0.0
2015-6-29,0.0,9.0,1.0
2015-6-3,2.0,39.0,2.0
2015-6-30,0.0,32.0,2.0
2015-6-4,0.0,15.0,0.0
2015-6-5,0.0,19.0,1.0
2015-6-6,0.0,33.0,0.0
2015-6-7,0.0,11.0,0.0
2015-6-8,0.0,19.0,1.0
2015-6-9,0.0,20.0,0.0
2015-7-1,0.0,18.0,1.0
2015-7-10,0.0,7.0,0.0
2015-7-11,1.0,4.0,0.0
2015-7-12,0.0,10.0,0.0
2015-7-13,0.0,11.0,0.0
2015-7-14,0.0,7.0,0.0
2015-7-15,0.0,11.0,0.0
2015-7-16,1.0,21.0,1.0
2015-7-17,1.0,26.0,0.0
2015-7-18,0.0,10.0,0.0
2015-7-19,1.0,10.0,0.0
2015-7-2,0.0,19.0,0.0
2015-7-20,0.0,13.0,0.0
2015-7-21,0.0,22.0,0.0
2015-7-22,0.0,21.0,0.0
2015-7-23,0.0,25.0,0.0
2015-7-24,0.0,28.0,0.0
2015-7-25,1.0,24.0,0.0
2015-7-26,0.0,11.0,0.0
2015-7-27,0.0,23.0,0.0
2015-7-28,0.0,34.0,0.0
2015-7-29,1.0,27.0,0.0
2015-7-3,0.0,23.0,0.0
2015-7-30,0.0,39.0,0.0
2015-7-31,2.0,75.0,1.0
2015-7-4,0.0,7.0,0.0
2015-7-5,0.0,17.0,0.0
2015-7-6,0.0,17.0,0.0
2015-7-7,0.0,16.0,0.0
2015-7-8,0.0,11.0,0.0
2015-7-9,0.0,18.0,0.0
2015-8-1,0.0,16.0,0.0
2015-8-10,0.0,22.0,1.0
2015-8-11,0.0,34.0,0.0
2015-8-12,0.0,28.0,0.0
2015-8-13,0.0,33.0,0.0
2015-8-14,0.0,22.0,2.0
2015-8-15,0.0,41.0,0.0
2015-8-16,0.0,16.0,0.0
2015-8-17,1.0,14.0,0.0
2015-8-18,0.0,23.0,0.0
2015-8-19,0.0,58.0,2.0
2015-8-2,0.0,70.0,1.0
2015-8-20,0.0,37.0,0.0
2015-8-21,0.0,10.0,0.0
2015-8-22,0.0,1.0,0.0
2015-8-23,0.0,5.0,0.0
2015-8-24,0.0,17.0,0.0
2015-8-25,0.0,6.0,0.0
2015-8-26,0.0,4.0,0.0
2015-8-28,0.0,2.0,0.0
2015-8-29,1.0,6.0,0.0
2015-8-3,0.0,30.0,0.0
2015-8-30,0.0,4.0,0.0
2015-8-31,0.0,1.0,0.0
2015-8-4,0.0,34.0,0.0
2015-8-5,0.0,37.0,0.0
2015-8-6,0.0,41.0,1.0
2015-8-7,0.0,54.0,0.0
2015-8-8,0.0,20.0,0.0
2015-8-9,0.0,18.0,0.0
2015-9-1,0.0,4.0,0.0
2015-9-10,0.0,20.0,0.0
2015-9-11,0.0,21.0,0.0
2015-9-12,0.0,14.0,0.0
2015-9-13,1.0,28.0,0.0
2015-9-14,0.0,30.0,0.0
2015-9-15,0.0,27.0,0.0
2015-9-16,0.0,34.0,0.0
2015-9-17,0.0,36.0,0.0
2015-9-18,0.0,76.0,1.0
2015-9-19,0.0,12.0,1.0
2015-9-2,0.0,3.0,0.0
2015-9-20,0.0,24.0,1.0
2015-9-21,1.0,30.0,1.0
2015-9-22,0.0,25.0,1.0
2015-9-23,0.0,32.0,0.0
2015-9-24,0.0,18.0,0.0
2015-9-25,0.0,31.0,0.0
2015-9-26,0.0,17.0,0.0
2015-9-27,0.0,14.0,0.0
2015-9-28,0.0,19.0,0.0
2015-9-29,1.0,40.0,1.0
2015-9-30,0.0,20.0,0.0
2015-9-4,0.0,7.0,0.0
2015-9-5,0.0,3.0,1.0
2015-9-6,0.0,14.0,0.0
2015-9-7,0.0,3.0,0.0
2015-9-8,0.0,40.0,0.0
2015-9-9,0.0,35.0,0.0
2016-1-1,0.0,27.0,0.0
2016-1-10,0.0,7.0,0.0
2016-1-11,0.0,16.0,1.0
2016-1-12,0.0,2.0,0.0
2016-1-13,0.0,3.0,0.0
2016-1-14,0.0,23.0,0.0
2016-1-15,0.0,32.0,0.0
2016-1-16,0.0,19.0,0.0
2016-1-17,0.0,15.0,0.0
2016-1-18,0.0,22.0,0.0
2016-1-19,0.0,9.0,0.0
2016-1-2,0.0,8.0,0.0
2016-1-20,0.0,10.0,0.0
2016-1-21,0.0,55.0,0.0
2016-1-22,0.0,58.0,0.0
2016-1-23,1.0,30.0,0.0
2016-1-24,0.0,20.0,0.0
2016-1-25,0.0,21.0,1.0
2016-1-26,1.0,38.0,0.0
2016-1-27,0.0,24.0,0.0
2016-1-28,2.0,59.0,0.0
2016-1-29,0.0,47.0,0.0
2016-1-3,2.0,19.0,0.0
2016-1-30,0.0,13.0,0.0
2016-1-31,1.0,12.0,1.0
2016-1-4,0.0,12.0,1.0
2016-1-5,1.0,16.0,0.0
2016-1-6,0.0,14.0,0.0
2016-1-7,0.0,22.0,0.0
2016-1-8,0.0,17.0,0.0
2016-1-9,0.0,7.0,0.0
2016-10-1,0.0,4.0,0.0
2016-10-10,0.0,8.0,1.0
2016-10-11,0.0,6.0,0.0
2016-10-12,0.0,13.0,0.0
2016-10-13,1.0,9.0,0.0
2016-10-14,0.0,11.0,0.0
2016-10-15,0.0,7.0,0.0
2016-10-16,0.0,3.0,0.0
2016-10-17,1.0,9.0,0.0
2016-10-18,0.0,8.0,0.0
2016-10-19,0.0,7.0,0.0
2016-10-2,0.0,5.0,0.0
2016-10-20,0.0,14.0,2.0
2016-10-21,0.0,8.0,1.0
2016-10-22,0.0,6.0,1.0
2016-10-23,0.0,3.0,0.0
2016-10-24,0.0,5.0,0.0
2016-10-25,0.0,10.0,0.0
2016-10-26,0.0,17.0,0.0
2016-10-27,1.0,38.0,0.0
2016-10-28,1.0,22.0,0.0
2016-10-29,0.0,5.0,0.0
2016-10-3,0.0,6.0,1.0
2016-10-30,0.0,8.0,1.0
2016-10-31,1.0,18.0,1.0
2016-10-4,0.0,9.0,0.0
2016-10-5,0.0,30.0,2.0
2016-10-6,0.0,15.0,0.0
2016-10-7,0.0,11.0,1.0
2016-10-8,0.0,2.0,0.0
2016-10-9,0.0,5.0,0.0
2016-11-1,0.0,8.0,2.0
2016-11-10,0.0,22.0,1.0
2016-11-11,0.0,11.0,0.0
2016-11-12,0.0,2.0,1.0
2016-11-13,0.0,12.0,0.0
2016-11-14,0.0,118.0,5.0
2016-11-15,0.0,73.0,3.0
2016-11-16,5.0,89.0,1.0
2016-11-17,2.0,40.0,3.0
2016-11-18,1.0,24.0,0.0
2016-11-19,0.0,14.0,2.0
2016-11-2,0.0,9.0,1.0
2016-11-20,0.0,8.0,1.0
2016-11-21,0.0,17.0,0.0
2016-11-22,0.0,28.0,0.0
2016-11-23,0.0,36.0,0.0
2016-11-24,0.0,29.0,2.0
2016-11-25,0.0,35.0,0.0
2016-11-26,2.0,26.0,0.0
2016-11-27,1.0,13.0,0.0
2016-11-28,0.0,16.0,2.0
2016-11-29,0.0,33.0,0.0
2016-11-3,0.0,27.0,1.0
2016-11-30,2.0,47.0,1.0
2016-11-4,0.0,39.0,3.0
2016-11-5,0.0,9.0,0.0
2016-11-6,0.0,14.0,0.0
2016-11-7,0.0,19.0,0.0
2016-11-8,0.0,19.0,0.0
2016-11-9,0.0,19.0,0.0
2016-12-1,2.0,37.0,2.0
2016-12-10,1.0,23.0,0.0
2016-12-11,0.0,18.0,0.0
2016-12-12,0.0,23.0,1.0
2016-12-13,0.0,26.0,1.0
2016-12-14,0.0,19.0,0.0
2016-12-15,0.0,32.0,4.0
2016-12-16,0.0,31.0,1.0
2016-12-17,0.0,11.0,0.0
2016-12-18,0.0,17.0,1.0
2016-12-19,0.0,28.0,1.0
2016-12-2,1.0,54.0,0.0
2016-12-20,0.0,25.0,0.0
2016-12-21,1.0,22.0,0.0
2016-12-22,0.0,21.0,0.0
2016-12-23,0.0,19.0,0.0
2016-12-24,0.0,21.0,0.0
2016-12-25,0.0,16.0,0.0
2016-12-26,2.0,27.0,0.0
2016-12-27,0.0,21.0,0.0
2016-12-28,1.0,19.0,0.0
2016-12-29,0.0,19.0,0.0
2016-12-3,0.0,9.0,0.0
2016-12-30,0.0,21.0,0.0
2016-12-31,1.0,38.0,2.0
2016-12-4,0.0,17.0,0.0
2016-12-5,0.0,15.0,0.0
2016-12-6,1.0,18.0,0.0
2016-12-7,1.0,21.0,2.0
2016-12-8,0.0,24.0,0.0
2016-12-9,1.0,22.0,0.0
2016-2-1,0.0,14.0,1.0
2016-2-10,0.0,16.0,0.0
2016-2-11,0.0,20.0,0.0
2016-2-12,1.0,19.0,2.0
2016-2-13,1.0,20.0,0.0
2016-2-14,0.0,18.0,0.0
2016-2-15,0.0,18.0,0.0
2016-2-16,1.0,15.0,0.0
2016-2-17,0.0,11.0,1.0
2016-2-18,1.0,21.0,0.0
2016-2-19,0.0,8.0,2.0
2016-2-2,1.0,12.0,0.0
2016-2-20,0.0,15.0,0.0
2016-2-21,0.0,13.0,1.0
2016-2-22,0.0,9.0,0.0
2016-2-23,0.0,15.0,0.0
2016-2-24,0.0,20.0,0.0
2016-2-25,3.0,25.0,1.0
2016-2-26,0.0,18.0,0.0
2016-2-27,0.0,15.0,0.0
2016-2-28,0.0,11.0,0.0
2016-2-29,0.0,24.0,0.0
2016-2-3,0.0,18.0,0.0
2016-2-4,5.0,187.0,5.0
2016-2-5,0.0,34.0,1.0
2016-2-6,0.0,11.0,0.0
2016-2-7,1.0,7.0,0.0
2016-2-8,1.0,16.0,0.0
2016-2-9,0.0,19.0,0.0
2016-3-1,0.0,13.0,0.0
2016-3-10,1.0,70.0,1.0
2016-3-11,0.0,15.0,0.0
2016-3-12,0.0,9.0,1.0
2016-3-13,0.0,14.0,0.0
2016-3-14,0.0,14.0,0.0
2016-3-15,0.0,19.0,0.0
2016-3-16,0.0,13.0,0.0
2016-3-17,0.0,13.0,0.0
2016-3-18,0.0,17.0,0.0
2016-3-19,1.0,3.0,0.0
2016-3-2,0.0,15.0,0.0
2016-3-20,0.0,4.0,0.0
2016-3-21,1.0,12.0,0.0
2016-3-22,0.0,38.0,0.0
2016-3-23,0.0,19.0,1.0
2016-3-24,0.0,51.0,0.0
2016-3-25,0.0,15.0,1.0
2016-3-26,1.0,18.0,1.0
2016-3-27,0.0,9.0,0.0
2016-3-28,0.0,15.0,1.0
2016-3-29,0.0,18.0,0.0
2016-3-3,0.0,25.0,0.0
2016-3-30,0.0,10.0,0.0
2016-3-31,0.0,24.0,0.0
2016-3-4,0.0,18.0,0.0
2016-3-5,0.0,5.0,0.0
2016-3-6,0.0,8.0,1.0
2016-3-7,0.0,17.0,0.0
2016-3-8,0.0,19.0,0.0
2016-3-9,0.0,82.0,2.0
2016-4-1,1.0,20.0,1.0
2016-4-10,0.0,6.0,0.0
2016-4-11,0.0,12.0,1.0
2016-4-12,0.0,3.0,0.0
2016-4-13,0.0,16.0,1.0
2016-4-14,0.0,15.0,0.0
2016-4-15,0.0,27.0,2.0
2016-4-16,0.0,10.0,0.0
2016-4-17,0.0,18.0,0.0
2016-4-18,0.0,20.0,0.0
2016-4-19,0.0,13.0,0.0
2016-4-2,0.0,8.0,0.0
2016-4-20,1.0,22.0,0.0
2016-4-21,1.0,25.0,0.0
2016-4-22,5.0,109.0,3.0
2016-4-23,0.0,38.0,1.0
2016-4-24,0.0,11.0,0.0
2016-4-25,0.0,7.0,0.0
2016-4-26,0.0,12.0,1.0
2016-4-27,0.0,7.0,1.0
2016-4-28,0.0,7.0,0.0
2016-4-29,0.0,20.0,0.0
2016-4-3,0.0,12.0,0.0
2016-4-30,4.0,31.0,3.0
2016-4-4,0.0,6.0,0.0
2016-4-5,0.0,26.0,1.0
2016-4-6,0.0,12.0,0.0
2016-4-7,0.0,20.0,1.0
2016-4-8,0.0,7.0,0.0
2016-4-9,0.0,6.0,0.0
2016-5-1,0.0,19.0,0.0
2016-5-10,0.0,24.0,0.0
2016-5-11,1.0,25.0,1.0
2016-5-12,1.0,61.0,0.0
2016-5-13,0.0,41.0,0.0
2016-5-14,0.0,24.0,0.0
2016-5-15,1.0,19.0,0.0
2016-5-16,1.0,48.0,1.0
2016-5-17,0.0,20.0,1.0
2016-5-18,1.0,46.0,0.0
2016-5-19,0.0,25.0,0.0
2016-5-2,0.0,13.0,0.0
2016-5-20,1.0,29.0,0.0
2016-5-21,0.0,11.0,0.0
2016-5-22,0.0,20.0,1.0
2016-5-23,0.0,29.0,0.0
2016-5-24,0.0,14.0,0.0
2016-5-25,0.0,37.0,2.0
2016-5-26,1.0,29.0,0.0
2016-5-27,2.0,20.0,0.0
2016-5-28,0.0,28.0,1.0
2016-5-29,1.0,9.0,0.0
2016-5-3,2.0,46.0,3.0
2016-5-30,0.0,13.0,0.0
2016-5-31,0.0,11.0,0.0
2016-5-4,1.0,81.0,8.0
2016-5-5,3.0,89.0,1.0
2016-5-6,1.0,109.0,11.0
2016-5-7,2.0,52.0,6.0
2016-5-8,1.0,20.0,3.0
2016-5-9,1.0,43.0,2.0
2016-6-1,0.0,8.0,0.0
2016-6-10,0.0,56.0,1.0
2016-6-11,0.0,21.0,0.0
2016-6-12,0.0,22.0,0.0
2016-6-13,0.0,12.0,0.0
2016-6-14,0.0,38.0,1.0
2016-6-15,1.0,28.0,0.0
2016-6-16,0.0,25.0,0.0
2016-6-17,1.0,31.0,1.0
2016-6-18,1.0,16.0,1.0
2016-6-19,0.0,16.0,0.0
2016-6-2,0.0,18.0,2.0
2016-6-20,0.0,23.0,0.0
2016-6-21,0.0,15.0,0.0
2016-6-22,0.0,29.0,0.0
2016-6-23,1.0,27.0,1.0
2016-6-24,1.0,40.0,1.0
2016-6-25,0.0,22.0,0.0
2016-6-26,0.0,13.0,0.0
2016-6-27,0.0,18.0,0.0
2016-6-28,0.0,32.0,1.0
2016-6-29,0.0,31.0,0.0
2016-6-3,0.0,49.0,1.0
2016-6-30,1.0,37.0,0.0
2016-6-4,0.0,15.0,0.0
2016-6-5,0.0,12.0,1.0
2016-6-6,0.0,23.0,0.0
2016-6-7,0.0,28.0,0.0
2016-6-8,0.0,35.0,0.0
2016-6-9,1.0,42.0,1.0
2016-7-1,0.0,31.0,0.0
2016-7-10,0.0,10.0,1.0
2016-7-11,1.0,12.0,1.0
2016-7-12,0.0,24.0,0.0
2016-7-13,0.0,32.0,0.0
2016-7-14,0.0,50.0,1.0
2016-7-15,2.0,30.0,0.0
2016-7-16,0.0,19.0,0.0
2016-7-17,0.0,11.0,0.0
2016-7-18,0.0,20.0,0.0
2016-7-19,0.0,20.0,0.0
2016-7-2,0.0,22.0,0.0
2016-7-20,0.0,31.0,0.0
2016-7-21,0.0,23.0,0.0
2016-7-22,0.0,20.0,1.0
2016-7-23,0.0,14.0,1.0
2016-7-24,0.0,19.0,0.0
2016-7-25,0.0,18.0,0.0
2016-7-26,0.0,15.0,0.0
2016-7-27,1.0,31.0,0.0
2016-7-28,0.0,15.0,1.0
2016-7-29,0.0,32.0,1.0
2016-7-3,1.0,30.0,2.0
2016-7-30,0.0,16.0,0.0
2016-7-31,0.0,8.0,1.0
2016-7-4,0.0,33.0,1.0
2016-7-5,1.0,14.0,0.0
2016-7-6,2.0,24.0,3.0
2016-7-7,0.0,30.0,2.0
2016-7-8,0.0,44.0,1.0
2016-7-9,0.0,14.0,0.0
2016-8-1,0.0,49.0,2.0
2016-8-10,0.0,6.0,0.0
2016-8-11,0.0,6.0,0.0
2016-8-12,0.0,9.0,0.0
2016-8-13,1.0,24.0,3.0
2016-8-14,0.0,13.0,0.0
2016-8-15,0.0,15.0,2.0
2016-8-16,0.0,8.0,0.0
2016-8-17,0.0,11.0,11.0
2016-8-18,0.0,14.0,3.0
2016-8-19,0.0,9.0,5.0
2016-8-2,0.0,24.0,0.0
2016-8-20,0.0,7.0,1.0
2016-8-21,0.0,6.0,0.0
2016-8-22,0.0,10.0,0.0
2016-8-23,0.0,8.0,0.0
2016-8-24,1.0,15.0,10.0
2016-8-25,0.0,6.0,4.0
2016-8-26,0.0,26.0,2.0
2016-8-27,0.0,7.0,0.0
2016-8-28,0.0,16.0,0.0
2016-8-29,1.0,21.0,0.0
2016-8-3,2.0,33.0,1.0
2016-8-30,0.0,23.0,1.0
2016-8-31,0.0,15.0,0.0
2016-8-4,0.0,9.0,0.0
2016-8-5,0.0,19.0,1.0
2016-8-6,0.0,1.0,0.0
2016-8-7,0.0,4.0,0.0
2016-8-8,0.0,11.0,1.0
2016-8-9,1.0,7.0,0.0
2016-9-1,0.0,35.0,1.0
2016-9-10,0.0,7.0,0.0
2016-9-12,0.0,2.0,0.0
2016-9-13,0.0,9.0,0.0
2016-9-14,0.0,8.0,0.0
2016-9-15,0.0,19.0,1.0
2016-9-16,0.0,14.0,0.0
2016-9-17,0.0,8.0,0.0
2016-9-18,0.0,10.0,0.0
2016-9-19,0.0,2.0,0.0
2016-9-2,0.0,10.0,0.0
2016-9-20,0.0,18.0,0.0
2016-9-21,0.0,14.0,1.0
2016-9-22,0.0,8.0,0.0
2016-9-23,0.0,9.0,0.0
2016-9-24,0.0,6.0,0.0
2016-9-25,0.0,6.0,0.0
2016-9-26,0.0,2.0,0.0
2016-9-27,0.0,5.0,0.0
2016-9-28,0.0,12.0,0.0
2016-9-29,0.0,19.0,2.0
2016-9-3,0.0,6.0,0.0
2016-9-30,0.0,13.0,0.0
2016-9-4,0.0,12.0,1.0
2016-9-5,0.0,23.0,1.0
2016-9-6,1.0,13.0,0.0
2016-9-7,1.0,15.0,0.0
2016-9-8,1.0,38.0,0.0
2016-9-9,0.0,22.0,0.0
2017-1-1,0.0,20.0,0.0
2017-1-10,0.0,23.0,0.0
2017-1-11,0.0,20.0,1.0
2017-1-12,0.0,23.0,1.0
2017-1-13,0.0,31.0,2.0
2017-1-14,0.0,13.0,0.0
2017-1-15,0.0,19.0,0.0
2017-1-16,1.0,27.0,1.0
2017-1-17,0.0,26.0,1.0
2017-1-18,0.0,28.0,2.0
2017-1-19,0.0,21.0,0.0
2017-1-2,0.0,17.0,0.0
2017-1-20,0.0,32.0,0.0
2017-1-21,0.0,24.0,1.0
2017-1-22,0.0,9.0,0.0
2017-1-23,0.0,23.0,0.0
2017-1-24,0.0,18.0,0.0
2017-1-25,0.0,23.0,0.0
2017-1-26,0.0,11.0,0.0
2017-1-27,0.0,30.0,0.0
2017-1-28,1.0,19.0,0.0
2017-1-29,0.0,15.0,0.0
2017-1-3,0.0,16.0,0.0
2017-1-30,0.0,11.0,0.0
2017-1-31,0.0,20.0,0.0
2017-1-4,0.0,20.0,0.0
2017-1-5,1.0,29.0,0.0
2017-1-6,0.0,31.0,0.0
2017-1-7,0.0,22.0,0.0
2017-1-8,0.0,19.0,0.0
2017-1-9,0.0,12.0,0.0
2017-10-1,0.0,5.0,1.0
2017-10-10,10.0,152.0,3.0
2017-10-11,1.0,45.0,1.0
2017-10-12,0.0,28.0,1.0
2017-10-13,0.0,52.0,2.0
2017-10-14,0.0,14.0,0.0
2017-10-15,0.0,34.0,0.0
2017-10-16,2.0,33.0,2.0
2017-10-17,0.0,35.0,1.0
2017-10-18,0.0,24.0,0.0
2017-10-19,0.0,12.0,0.0
2017-10-2,0.0,9.0,1.0
2017-10-20,1.0,20.0,1.0
2017-10-21,1.0,21.0,1.0
2017-10-22,0.0,22.0,1.0
2017-10-23,0.0,28.0,0.0
2017-10-24,0.0,18.0,1.0
2017-10-25,0.0,25.0,4.0
2017-10-26,0.0,23.0,0.0
2017-10-27,0.0,18.0,0.0
2017-10-28,1.0,11.0,1.0
2017-10-29,1.0,12.0,0.0
2017-10-3,0.0,9.0,0.0
2017-10-30,1.0,33.0,0.0
2017-10-31,0.0,26.0,1.0
2017-10-4,0.0,54.0,2.0
2017-10-5,0.0,34.0,2.0
2017-10-6,1.0,25.0,1.0
2017-10-7,0.0,5.0,0.0
2017-10-8,0.0,3.0,0.0
2017-10-9,4.0,78.0,6.0
2017-11-1,0.0,39.0,1.0
2017-11-10,0.0,35.0,1.0
2017-11-11,1.0,40.0,2.0
2017-11-12,0.0,15.0,0.0
2017-11-13,0.0,18.0,0.0
2017-11-14,0.0,19.0,2.0
2017-11-15,0.0,21.0,4.0
2017-11-16,0.0,16.0,1.0
2017-11-17,2.0,19.0,0.0
2017-11-18,0.0,26.0,1.0
2017-11-19,0.0,18.0,0.0
2017-11-2,0.0,17.0,1.0
2017-11-20,0.0,26.0,2.0
2017-11-21,0.0,29.0,0.0
2017-11-22,1.0,95.0,6.0
2017-11-23,0.0,44.0,5.0
2017-11-24,0.0,41.0,0.0
2017-11-25,1.0,31.0,0.0
2017-11-26,1.0,97.0,6.0
2017-11-27,1.0,282.0,69.0
2017-11-28,2.0,168.0,26.0
2017-11-29,0.0,62.0,14.0
2017-11-3,0.0,46.0,1.0
2017-11-30,2.0,80.0,13.0
2017-11-4,0.0,24.0,0.0
2017-11-5,0.0,32.0,0.0
2017-11-6,0.0,31.0,0.0
2017-11-7,0.0,33.0,0.0
2017-11-8,1.0,16.0,0.0
2017-11-9,0.0,17.0,1.0
2017-12-1,0.0,58.0,7.0
2017-12-10,1.0,37.0,4.0
2017-12-11,0.0,42.0,1.0
2017-12-12,0.0,34.0,6.0
2017-12-13,0.0,40.0,2.0
2017-12-14,2.0,28.0,1.0
2017-12-15,0.0,50.0,4.0
2017-12-16,0.0,25.0,2.0
2017-12-17,0.0,21.0,0.0
2017-12-18,0.0,37.0,4.0
2017-12-19,0.0,48.0,7.0
2017-12-2,0.0,50.0,4.0
2017-12-20,2.0,44.0,7.0
2017-12-21,0.0,47.0,3.0
2017-12-22,0.0,42.0,1.0
2017-12-23,0.0,26.0,0.0
2017-12-24,1.0,20.0,2.0
2017-12-25,1.0,24.0,4.0
2017-12-26,0.0,27.0,3.0
2017-12-27,1.0,35.0,0.0
2017-12-28,0.0,7.0,0.0
2017-12-29,1.0,11.0,0.0
2017-12-3,0.0,36.0,3.0
2017-12-30,0.0,29.0,0.0
2017-12-31,0.0,22.0,0.0
2017-12-4,1.0,33.0,8.0
2017-12-5,1.0,26.0,4.0
2017-12-6,0.0,20.0,1.0
2017-12-7,1.0,43.0,5.0
2017-12-8,1.0,35.0,2.0
2017-12-9,3.0,64.0,2.0
2017-2-1,0.0,28.0,0.0
2017-2-10,1.0,23.0,0.0
2017-2-11,2.0,22.0,0.0
2017-2-12,4.0,17.0,1.0
2017-2-13,0.0,20.0,1.0
2017-2-14,0.0,30.0,0.0
2017-2-15,0.0,52.0,1.0
2017-2-16,0.0,35.0,0.0
2017-2-17,0.0,56.0,2.0
2017-2-18,0.0,19.0,0.0
2017-2-19,1.0,14.0,0.0
2017-2-2,0.0,44.0,2.0
2017-2-20,0.0,16.0,0.0
2017-2-21,3.0,28.0,0.0
2017-2-22,0.0,25.0,0.0
2017-2-23,0.0,36.0,0.0
2017-2-24,0.0,37.0,3.0
2017-2-25,0.0,21.0,1.0
2017-2-26,0.0,22.0,1.0
2017-2-27,0.0,29.0,0.0
2017-2-28,1.0,30.0,0.0
2017-2-3,1.0,33.0,1.0
2017-2-4,1.0,20.0,0.0
2017-2-5,0.0,17.0,1.0
2017-2-6,0.0,33.0,2.0
2017-2-7,0.0,27.0,2.0
2017-2-8,0.0,14.0,0.0
2017-2-9,0.0,13.0,0.0
2017-3-1,1.0,25.0,2.0
2017-3-10,0.0,34.0,0.0
2017-3-11,0.0,12.0,0.0
2017-3-12,1.0,16.0,0.0
2017-3-13,0.0,15.0,0.0
2017-3-14,0.0,49.0,2.0
2017-3-15,0.0,29.0,1.0
2017-3-16,0.0,23.0,5.0
2017-3-17,4.0,48.0,0.0
2017-3-18,3.0,35.0,0.0
2017-3-19,0.0,14.0,0.0
2017-3-2,0.0,26.0,2.0
2017-3-20,1.0,27.0,1.0
2017-3-21,0.0,16.0,0.0
2017-3-22,0.0,27.0,1.0
2017-3-23,0.0,21.0,0.0
2017-3-24,0.0,29.0,0.0
2017-3-25,0.0,20.0,0.0
2017-3-26,1.0,10.0,0.0
2017-3-27,0.0,28.0,2.0
2017-3-28,1.0,41.0,0.0
2017-3-29,0.0,42.0,1.0
2017-3-3,0.0,24.0,1.0
2017-3-30,0.0,26.0,1.0
2017-3-31,0.0,27.0,0.0
2017-3-4,0.0,9.0,1.0
2017-3-5,0.0,20.0,0.0
2017-3-6,0.0,20.0,0.0
2017-3-7,0.0,17.0,0.0
2017-3-8,0.0,20.0,2.0
2017-3-9,1.0,18.0,2.0
2017-4-1,1.0,9.0,0.0
2017-4-10,1.0,19.0,0.0
2017-4-11,0.0,24.0,1.0
2017-4-12,1.0,48.0,2.0
2017-4-13,0.0,24.0,1.0
2017-4-14,0.0,7.0,0.0
2017-4-15,0.0,18.0,0.0
2017-4-16,0.0,21.0,0.0
2017-4-17,0.0,22.0,2.0
2017-4-18,0.0,12.0,1.0
2017-4-19,2.0,20.0,0.0
2017-4-2,0.0,20.0,0.0
2017-4-20,0.0,29.0,1.0
2017-4-21,0.0,33.0,0.0
2017-4-22,1.0,24.0,0.0
2017-4-23,1.0,26.0,4.0
2017-4-24,2.0,27.0,1.0
2017-4-25,2.0,33.0,2.0
2017-4-26,0.0,28.0,0.0
2017-4-27,0.0,30.0,1.0
2017-4-28,0.0,31.0,0.0
2017-4-29,0.0,15.0,0.0
2017-4-3,0.0,36.0,1.0
2017-4-30,0.0,31.0,0.0
2017-4-4,0.0,30.0,0.0
2017-4-5,0.0,46.0,1.0
2017-4-6,0.0,31.0,4.0
2017-4-7,1.0,33.0,0.0
2017-4-8,1.0,9.0,2.0
2017-4-9,0.0,12.0,0.0
2017-5-1,0.0,20.0,1.0
2017-5-10,1.0,33.0,1.0
2017-5-11,0.0,25.0,0.0
2017-5-12,0.0,27.0,0.0
2017-5-13,0.0,10.0,0.0
2017-5-14,0.0,15.0,0.0
2017-5-15,0.0,13.0,0.0
2017-5-16,0.0,30.0,1.0
2017-5-17,1.0,27.0,0.0
2017-5-18,0.0,27.0,0.0
2017-5-19,3.0,46.0,4.0
2017-5-2,0.0,63.0,0.0
2017-5-20,0.0,20.0,0.0
2017-5-21,1.0,21.0,2.0
2017-5-22,0.0,41.0,1.0
2017-5-23,0.0,27.0,1.0
2017-5-24,0.0,18.0,1.0
2017-5-25,0.0,23.0,2.0
2017-5-26,0.0,24.0,1.0
2017-5-27,0.0,10.0,0.0
2017-5-28,0.0,8.0,0.0
2017-5-29,1.0,40.0,1.0
2017-5-3,0.0,39.0,3.0
2017-5-30,0.0,23.0,1.0
2017-5-31,0.0,28.0,1.0
2017-5-4,0.0,40.0,0.0
2017-5-5,0.0,46.0,0.0
2017-5-6,0.0,11.0,1.0
2017-5-7,0.0,21.0,0.0
2017-5-8,1.0,24.0,1.0
2017-5-9,0.0,18.0,0.0
2017-6-1,0.0,23.0,2.0
2017-6-10,0.0,25.0,1.0
2017-6-11,0.0,11.0,0.0
2017-6-12,0.0,19.0,0.0
2017-6-13,0.0,13.0,0.0
2017-6-14,1.0,24.0,0.0
2017-6-15,1.0,29.0,0.0
2017-6-16,0.0,12.0,0.0
2017-6-17,1.0,12.0,1.0
2017-6-18,0.0,16.0,0.0
2017-6-19,1.0,16.0,1.0
2017-6-2,0.0,10.0,1.0
2017-6-20,1.0,42.0,0.0
2017-6-21,0.0,61.0,3.0
2017-6-22,0.0,55.0,2.0
2017-6-23,0.0,25.0,0.0
2017-6-24,0.0,13.0,0.0
2017-6-25,0.0,27.0,1.0
2017-6-26,1.0,33.0,2.0
2017-6-27,0.0,24.0,0.0
2017-6-28,0.0,26.0,0.0
2017-6-29,0.0,40.0,3.0
2017-6-3,0.0,17.0,1.0
2017-6-30,0.0,11.0,0.0
2017-6-4,0.0,10.0,0.0
2017-6-5,0.0,9.0,0.0
2017-6-6,0.0,19.0,0.0
2017-6-7,1.0,11.0,1.0
2017-6-8,4.0,20.0,2.0
2017-6-9,0.0,20.0,2.0
2017-7-1,1.0,14.0,3.0
2017-7-10,0.0,16.0,1.0
2017-7-11,1.0,28.0,1.0
2017-7-12,0.0,15.0,1.0
2017-7-13,0.0,27.0,0.0
2017-7-14,1.0,14.0,0.0
2017-7-15,0.0,8.0,0.0
2017-7-16,0.0,17.0,0.0
2017-7-17,1.0,13.0,0.0
2017-7-18,1.0,21.0,0.0
2017-7-19,0.0,23.0,0.0
2017-7-2,1.0,14.0,0.0
2017-7-20,0.0,10.0,0.0
2017-7-21,1.0,68.0,2.0
2017-7-22,0.0,21.0,0.0
2017-7-23,0.0,7.0,0.0
2017-7-24,0.0,17.0,0.0
2017-7-25,4.0,46.0,6.0
2017-7-26,0.0,45.0,1.0
2017-7-27,1.0,32.0,0.0
2017-7-28,1.0,24.0,0.0
2017-7-29,0.0,11.0,1.0
2017-7-3,1.0,28.0,1.0
2017-7-30,2.0,16.0,0.0
2017-7-31,0.0,13.0,0.0
2017-7-4,0.0,16.0,0.0
2017-7-5,0.0,14.0,2.0
2017-7-6,0.0,26.0,2.0
2017-7-7,0.0,22.0,0.0
2017-7-8,0.0,19.0,1.0
2017-7-9,1.0,15.0,0.0
2017-8-1,0.0,13.0,1.0
2017-8-10,1.0,5.0,0.0
2017-8-11,0.0,25.0,0.0
2017-8-12,0.0,11.0,0.0
2017-8-13,1.0,17.0,0.0
2017-8-14,1.0,41.0,0.0
2017-8-15,1.0,31.0,0.0
2017-8-16,1.0,44.0,2.0
2017-8-17,0.0,41.0,1.0
2017-8-18,1.0,25.0,1.0
2017-8-19,0.0,12.0,0.0
2017-8-2,0.0,17.0,0.0
2017-8-20,1.0,18.0,0.0
2017-8-21,2.0,50.0,2.0
2017-8-22,2.0,38.0,0.0
2017-8-23,1.0,22.0,0.0
2017-8-24,1.0,26.0,1.0
2017-8-25,0.0,18.0,0.0
2017-8-26,1.0,6.0,1.0
2017-8-27,0.0,15.0,2.0
2017-8-28,2.0,126.0,0.0
2017-8-29,1.0,21.0,2.0
2017-8-3,0.0,20.0,1.0
2017-8-30,1.0,15.0,1.0
2017-8-31,0.0,53.0,2.0
2017-8-4,0.0,44.0,0.0
2017-8-5,0.0,47.0,1.0
2017-8-6,0.0,9.0,0.0
2017-8-7,0.0,15.0,0.0
2017-8-8,0.0,26.0,1.0
2017-8-9,0.0,21.0,0.0
2017-9-1,0.0,33.0,0.0
2017-9-10,0.0,8.0,0.0
2017-9-11,0.0,35.0,7.0
2017-9-12,0.0,37.0,0.0
2017-9-13,0.0,35.0,4.0
2017-9-14,0.0,25.0,4.0
2017-9-15,0.0,27.0,1.0
2017-9-16,0.0,18.0,1.0
2017-9-17,0.0,17.0,1.0
2017-9-18,0.0,28.0,2.0
2017-9-19,0.0,22.0,0.0
2017-9-2,4.0,9.0,0.0
2017-9-20,0.0,27.0,4.0
2017-9-21,0.0,39.0,3.0
2017-9-22,0.0,25.0,2.0
2017-9-23,2.0,39.0,0.0
2017-9-24,1.0,52.0,0.0
2017-9-25,2.0,76.0,7.0
2017-9-26,0.0,16.0,0.0
2017-9-27,0.0,25.0,2.0
2017-9-28,0.0,36.0,3.0
2017-9-29,0.0,22.0,4.0
2017-9-3,1.0,18.0,0.0
2017-9-30,1.0,14.0,0.0
2017-9-4,0.0,19.0,1.0
2017-9-5,0.0,12.0,2.0
2017-9-6,1.0,15.0,0.0
2017-9-7,0.0,19.0,0.0
2017-9-8,1.0,18.0,0.0
2017-9-9,0.0,7.0,0.0
2018-1-1,0.0,25.0,1.0
2018-1-10,1.0,51.0,0.0
2018-1-11,0.0,53.0,2.0
2018-1-12,1.0,36.0,1.0
2018-1-13,0.0,12.0,0.0
2018-1-14,0.0,71.0,1.0
2018-1-15,1.0,27.0,1.0
2018-1-16,0.0,24.0,1.0
2018-1-17,0.0,21.0,0.0
2018-1-18,1.0,51.0,0.0
2018-1-19,0.0,22.0,0.0
2018-1-2,0.0,23.0,2.0
2018-1-20,1.0,48.0,3.0
2018-1-21,0.0,20.0,0.0
2018-1-22,0.0,14.0,0.0
2018-1-23,0.0,12.0,0.0
2018-1-24,0.0,21.0,0.0
2018-1-25,1.0,27.0,1.0
2018-1-26,0.0,35.0,0.0
2018-1-27,2.0,15.0,0.0
2018-1-28,0.0,11.0,0.0
2018-1-29,1.0,29.0,2.0
2018-1-3,0.0,31.0,2.0
2018-1-30,1.0,27.0,1.0
2018-1-31,0.0,47.0,1.0
2018-1-4,0.0,19.0,0.0
2018-1-5,0.0,29.0,1.0
2018-1-6,1.0,10.0,0.0
2018-1-7,0.0,21.0,1.0
2018-1-8,0.0,22.0,0.0
2018-1-9,0.0,45.0,0.0
2018-10-1,0.0,10.0,2.0
2018-10-10,0.0,55.0,2.0
2018-10-11,2.0,18.0,2.0
2018-10-12,1.0,24.0,2.0
2018-10-13,0.0,8.0,1.0
2018-10-14,0.0,17.0,2.0
2018-10-15,0.0,21.0,2.0
2018-10-16,1.0,25.0,0.0
2018-10-17,2.0,76.0,11.0
2018-10-18,1.0,63.0,4.0
2018-10-19,0.0,32.0,5.0
2018-10-2,0.0,27.0,2.0
2018-10-20,1.0,10.0,4.0
2018-10-21,6.0,128.0,6.0
2018-10-22,1.0,54.0,4.0
2018-10-23,0.0,18.0,0.0
2018-10-24,0.0,50.0,5.0
2018-10-25,1.0,42.0,6.0
2018-10-26,1.0,45.0,4.0
2018-10-27,0.0,18.0,1.0
2018-10-28,0.0,23.0,2.0
2018-10-29,0.0,23.0,2.0
2018-10-3,0.0,13.0,2.0
2018-10-30,2.0,22.0,1.0
2018-10-31,1.0,20.0,1.0
2018-10-4,1.0,6.0,0.0
2018-10-5,0.0,18.0,0.0
2018-10-6,0.0,10.0,2.0
2018-10-7,0.0,12.0,2.0
2018-10-8,1.0,13.0,2.0
2018-10-9,0.0,15.0,3.0
2018-11-1,0.0,18.0,0.0
2018-11-10,0.0,24.0,1.0
2018-11-11,1.0,13.0,0.0
2018-11-12,0.0,20.0,0.0
2018-11-13,0.0,15.0,0.0
2018-11-14,0.0,21.0,0.0
2018-11-15,1.0,99.0,10.0
2018-11-16,2.0,84.0,11.0
2018-11-17,0.0,13.0,1.0
2018-11-18,0.0,9.0,0.0
2018-11-19,1.0,47.0,4.0
2018-11-2,0.0,4.0,1.0
2018-11-20,0.0,58.0,1.0
2018-11-21,1.0,50.0,6.0
2018-11-22,1.0,92.0,2.0
2018-11-23,0.0,55.0,2.0
2018-11-24,0.0,19.0,0.0
2018-11-25,0.0,19.0,1.0
2018-11-26,0.0,16.0,2.0
2018-11-27,0.0,56.0,2.0
2018-11-28,1.0,30.0,4.0
2018-11-29,0.0,49.0,3.0
2018-11-3,1.0,8.0,0.0
2018-11-30,1.0,51.0,8.0
2018-11-4,0.0,3.0,0.0
2018-11-5,0.0,25.0,2.0
2018-11-6,0.0,15.0,1.0
2018-11-7,0.0,22.0,7.0
2018-11-8,0.0,21.0,1.0
2018-11-9,0.0,54.0,1.0
2018-12-1,1.0,18.0,4.0
2018-12-10,0.0,62.0,4.0
2018-12-11,2.0,120.0,6.0
2018-12-12,2.0,37.0,3.0
2018-12-13,0.0,42.0,1.0
2018-12-14,0.0,24.0,1.0
2018-12-15,0.0,12.0,1.0
2018-12-16,0.0,5.0,1.0
2018-12-17,2.0,46.0,7.0
2018-12-18,0.0,45.0,3.0
2018-12-19,0.0,25.0,0.0
2018-12-2,0.0,17.0,2.0
2018-12-20,0.0,30.0,3.0
2018-12-21,0.0,19.0,6.0
2018-12-22,4.0,74.0,17.0
2018-12-23,5.0,85.0,29.0
2018-12-24,2.0,61.0,8.0
2018-12-25,0.0,40.0,5.0
2018-12-26,1.0,13.0,3.0
2018-12-27,2.0,22.0,1.0
2018-12-28,0.0,8.0,0.0
2018-12-29,1.0,34.0,7.0
2018-12-3,0.0,22.0,2.0
2018-12-30,1.0,28.0,2.0
2018-12-31,0.0,17.0,0.0
2018-12-4,1.0,36.0,5.0
2018-12-5,1.0,25.0,3.0
2018-12-6,1.0,43.0,7.0
2018-12-7,1.0,30.0,1.0
2018-12-8,2.0,52.0,5.0
2018-12-9,3.0,51.0,4.0
2018-2-1,0.0,23.0,0.0
2018-2-10,1.0,52.0,3.0
2018-2-11,0.0,37.0,3.0
2018-2-12,1.0,29.0,2.0
2018-2-13,0.0,28.0,1.0
2018-2-14,1.0,31.0,1.0
2018-2-15,0.0,26.0,1.0
2018-2-16,3.0,32.0,1.0
2018-2-17,0.0,13.0,0.0
2018-2-18,1.0,22.0,2.0
2018-2-19,0.0,20.0,1.0
2018-2-2,0.0,22.0,0.0
2018-2-20,0.0,20.0,0.0
2018-2-21,0.0,30.0,0.0
2018-2-22,1.0,23.0,1.0
2018-2-23,0.0,24.0,2.0
2018-2-24,0.0,16.0,0.0
2018-2-25,0.0,20.0,0.0
2018-2-26,0.0,22.0,1.0
2018-2-27,0.0,15.0,0.0
2018-2-28,0.0,22.0,0.0
2018-2-3,0.0,13.0,1.0
2018-2-4,0.0,14.0,1.0
2018-2-5,1.0,25.0,1.0
2018-2-6,0.0,17.0,1.0
2018-2-7,1.0,16.0,0.0
2018-2-8,0.0,67.0,8.0
2018-2-9,1.0,129.0,8.0
2018-3-1,0.0,22.0,1.0
2018-3-10,0.0,19.0,0.0
2018-3-11,3.0,25.0,1.0
2018-3-12,2.0,47.0,3.0
2018-3-13,1.0,76.0,6.0
2018-3-14,0.0,50.0,4.0
2018-3-15,0.0,40.0,0.0
2018-3-16,0.0,36.0,1.0
2018-3-17,2.0,14.0,1.0
2018-3-18,0.0,29.0,0.0
2018-3-19,2.0,23.0,0.0
2018-3-2,1.0,45.0,3.0
2018-3-20,0.0,47.0,0.0
2018-3-21,0.0,27.0,0.0
2018-3-22,0.0,35.0,0.0
2018-3-23,0.0,18.0,1.0
2018-3-24,0.0,5.0,0.0
2018-3-25,0.0,4.0,0.0
2018-3-26,0.0,11.0,1.0
2018-3-27,0.0,22.0,1.0
2018-3-28,1.0,15.0,2.0
2018-3-29,0.0,12.0,0.0
2018-3-3,0.0,13.0,0.0
2018-3-30,0.0,8.0,0.0
2018-3-31,0.0,13.0,1.0
2018-3-4,0.0,12.0,0.0
2018-3-5,0.0,17.0,0.0
2018-3-6,0.0,11.0,1.0
2018-3-7,0.0,20.0,0.0
2018-3-8,1.0,18.0,3.0
2018-3-9,0.0,43.0,2.0
2018-4-1,0.0,5.0,0.0
2018-4-10,0.0,33.0,1.0
2018-4-11,1.0,13.0,2.0
2018-4-12,0.0,12.0,0.0
2018-4-13,1.0,8.0,0.0
2018-4-14,1.0,6.0,0.0
2018-4-15,0.0,4.0,0.0
2018-4-16,0.0,10.0,0.0
2018-4-17,1.0,22.0,1.0
2018-4-18,0.0,5.0,1.0
2018-4-19,0.0,11.0,1.0
2018-4-2,0.0,8.0,0.0
2018-4-20,0.0,13.0,0.0
2018-4-21,0.0,8.0,1.0
2018-4-22,0.0,6.0,1.0
2018-4-23,0.0,39.0,5.0
2018-4-24,0.0,36.0,1.0
2018-4-25,0.0,15.0,0.0
2018-4-26,0.0,15.0,0.0
2018-4-27,1.0,52.0,1.0
2018-4-28,0.0,39.0,0.0
2018-4-29,0.0,3.0,0.0
2018-4-3,1.0,16.0,1.0
2018-4-30,0.0,18.0,0.0
2018-4-4,0.0,18.0,0.0
2018-4-5,0.0,15.0,0.0
2018-4-6,0.0,7.0,0.0
2018-4-7,0.0,2.0,0.0
2018-4-8,0.0,10.0,0.0
2018-4-9,0.0,6.0,2.0
2018-5-1,0.0,11.0,2.0
2018-5-10,3.0,125.0,10.0
2018-5-11,4.0,60.0,7.0
2018-5-12,1.0,46.0,3.0
2018-5-13,2.0,12.0,1.0
2018-5-14,2.0,29.0,3.0
2018-5-15,1.0,26.0,2.0
2018-5-16,1.0,25.0,1.0
2018-5-17,1.0,25.0,3.0
2018-5-18,2.0,35.0,3.0
2018-5-19,7.0,27.0,2.0
2018-5-2,2.0,85.0,1.0
2018-5-20,2.0,29.0,1.0
2018-5-21,1.0,45.0,2.0
2018-5-22,1.0,73.0,2.0
2018-5-23,2.0,81.0,1.0
2018-5-24,2.0,87.0,2.0
2018-5-25,3.0,63.0,3.0
2018-5-26,3.0,40.0,0.0
2018-5-27,3.0,45.0,3.0
2018-5-28,4.0,79.0,1.0
2018-5-29,3.0,150.0,6.0
2018-5-3,5.0,53.0,2.0
2018-5-30,3.0,94.0,2.0
2018-5-31,3.0,71.0,5.0
2018-5-4,2.0,38.0,5.0
2018-5-5,1.0,26.0,0.0
2018-5-6,1.0,23.0,0.0
2018-5-7,2.0,34.0,1.0
2018-5-8,3.0,81.0,9.0
2018-5-9,5.0,169.0,5.0
2018-6-1,6.0,69.0,6.0
2018-6-10,2.0,12.0,1.0
2018-6-11,4.0,14.0,3.0
2018-6-12,2.0,66.0,1.0
2018-6-13,3.0,26.0,2.0
2018-6-14,6.0,24.0,3.0
2018-6-15,2.0,28.0,3.0
2018-6-16,4.0,19.0,0.0
2018-6-17,2.0,8.0,0.0
2018-6-18,0.0,32.0,1.0
2018-6-19,0.0,23.0,4.0
2018-6-2,2.0,38.0,10.0
2018-6-20,2.0,34.0,1.0
2018-6-21,1.0,40.0,2.0
2018-6-22,1.0,15.0,0.0
2018-6-23,5.0,8.0,0.0
2018-6-24,2.0,14.0,0.0
2018-6-25,3.0,15.0,1.0
2018-6-26,13.0,34.0,0.0
2018-6-27,6.0,32.0,0.0
2018-6-28,3.0,70.0,11.0
2018-6-29,4.0,43.0,5.0
2018-6-3,3.0,28.0,2.0
2018-6-30,1.0,34.0,0.0
2018-6-4,1.0,14.0,1.0
2018-6-5,0.0,22.0,3.0
2018-6-6,1.0,29.0,1.0
2018-6-7,2.0,38.0,1.0
2018-6-8,3.0,38.0,2.0
2018-6-9,1.0,33.0,0.0
2018-7-1,3.0,29.0,0.0
2018-7-10,1.0,45.0,1.0
2018-7-11,4.0,22.0,1.0
2018-7-12,1.0,24.0,0.0
2018-7-13,1.0,21.0,1.0
2018-7-14,0.0,7.0,1.0
2018-7-15,1.0,14.0,0.0
2018-7-16,6.0,16.0,0.0
2018-7-17,2.0,24.0,0.0
2018-7-18,0.0,14.0,0.0
2018-7-19,0.0,22.0,1.0
2018-7-2,2.0,45.0,2.0
2018-7-20,2.0,19.0,0.0
2018-7-21,1.0,38.0,1.0
2018-7-22,3.0,31.0,1.0
2018-7-23,1.0,31.0,2.0
2018-7-24,2.0,25.0,2.0
2018-7-25,2.0,21.0,2.0
2018-7-26,2.0,35.0,2.0
2018-7-27,3.0,48.0,8.0
2018-7-28,0.0,13.0,0.0
2018-7-29,3.0,16.0,0.0
2018-7-3,4.0,37.0,2.0
2018-7-30,0.0,13.0,0.0
2018-7-31,3.0,23.0,0.0
2018-7-4,4.0,39.0,0.0
2018-7-5,1.0,34.0,0.0
2018-7-6,0.0,15.0,1.0
2018-7-7,1.0,27.0,3.0
2018-7-8,3.0,14.0,0.0
2018-7-9,2.0,35.0,0.0
2018-8-1,2.0,23.0,0.0
2018-8-10,0.0,31.0,2.0
2018-8-11,0.0,14.0,0.0
2018-8-12,2.0,31.0,3.0
2018-8-13,0.0,11.0,0.0
2018-8-14,0.0,14.0,0.0
2018-8-15,0.0,20.0,0.0
2018-8-16,0.0,12.0,0.0
2018-8-17,1.0,21.0,0.0
2018-8-18,1.0,10.0,7.0
2018-8-19,0.0,13.0,1.0
2018-8-2,5.0,40.0,2.0
2018-8-20,0.0,20.0,0.0
2018-8-21,0.0,53.0,3.0
2018-8-22,0.0,14.0,0.0
2018-8-23,1.0,34.0,1.0
2018-8-24,0.0,24.0,2.0
2018-8-25,0.0,9.0,0.0
2018-8-26,0.0,11.0,0.0
2018-8-27,0.0,11.0,1.0
2018-8-28,0.0,6.0,0.0
2018-8-29,0.0,58.0,8.0
2018-8-3,1.0,46.0,4.0
2018-8-30,2.0,39.0,3.0
2018-8-31,1.0,26.0,0.0
2018-8-4,7.0,136.0,2.0
2018-8-5,0.0,25.0,0.0
2018-8-6,4.0,57.0,2.0
2018-8-7,3.0,50.0,2.0
2018-8-8,1.0,33.0,4.0
2018-8-9,0.0,28.0,3.0
2018-9-1,0.0,8.0,0.0
2018-9-10,0.0,21.0,2.0
2018-9-11,0.0,21.0,2.0
2018-9-12,1.0,34.0,0.0
2018-9-13,0.0,31.0,3.0
2018-9-14,1.0,14.0,3.0
2018-9-15,0.0,7.0,0.0
2018-9-16,0.0,4.0,0.0
2018-9-17,0.0,15.0,0.0
2018-9-18,0.0,26.0,0.0
2018-9-19,0.0,15.0,2.0
2018-9-2,1.0,8.0,0.0
2018-9-20,2.0,22.0,5.0
2018-9-21,0.0,18.0,1.0
2018-9-22,0.0,8.0,1.0
2018-9-23,0.0,13.0,3.0
2018-9-24,0.0,31.0,0.0
2018-9-25,0.0,11.0,1.0
2018-9-26,0.0,9.0,1.0
2018-9-27,0.0,15.0,4.0
2018-9-28,0.0,18.0,1.0
2018-9-29,0.0,22.0,1.0
2018-9-3,0.0,14.0,2.0
2018-9-30,0.0,6.0,1.0
2018-9-4,0.0,20.0,3.0
2018-9-5,0.0,26.0,0.0
2018-9-6,0.0,29.0,1.0
2018-9-7,1.0,20.0,0.0
2018-9-8,0.0,11.0,2.0
2018-9-9,1.0,3.0,1.0
2019-1-1,0.0,14.0,1.0
2019-1-10,1.0,20.0,1.0
2019-1-11,0.0,14.0,2.0
2019-1-12,0.0,31.0,2.0
2019-1-13,0.0,16.0,0.0
2019-1-14,0.0,48.0,5.0
2019-1-15,1.0,43.0,1.0
2019-1-16,0.0,29.0,1.0
2019-1-17,0.0,26.0,0.0
2019-1-18,3.0,32.0,2.0
2019-1-19,0.0,20.0,0.0
2019-1-2,0.0,26.0,8.0
2019-1-20,0.0,20.0,0.0
2019-1-21,0.0,23.0,1.0
2019-1-22,1.0,34.0,2.0
2019-1-23,0.0,35.0,1.0
2019-1-24,0.0,27.0,4.0
2019-1-25,3.0,166.0,5.0
2019-1-26,0.0,46.0,1.0
2019-1-27,2.0,35.0,4.0
2019-1-28,1.0,60.0,4.0
2019-1-29,1.0,19.0,0.0
2019-1-3,0.0,39.0,4.0
2019-1-30,1.0,56.0,1.0
2019-1-31,0.0,33.0,0.0
2019-1-4,1.0,13.0,1.0
2019-1-5,0.0,50.0,4.0
2019-1-6,0.0,39.0,3.0
2019-1-7,0.0,51.0,3.0
2019-1-8,0.0,72.0,9.0
2019-1-9,0.0,12.0,4.0
2019-10-1,4.0,43.0,1.0
2019-10-10,0.0,22.0,0.0
2019-10-11,0.0,18.0,2.0
2019-10-12,1.0,28.0,0.0
2019-10-13,0.0,4.0,0.0
2019-10-14,0.0,24.0,1.0
2019-10-15,0.0,16.0,0.0
2019-10-16,1.0,37.0,0.0
2019-10-17,1.0,40.0,2.0
2019-10-18,0.0,51.0,5.0
2019-10-19,0.0,27.0,1.0
2019-10-2,2.0,44.0,1.0
2019-10-20,0.0,18.0,1.0
2019-10-21,1.0,24.0,0.0
2019-10-22,3.0,51.0,2.0
2019-10-23,2.0,50.0,1.0
2019-10-24,1.0,42.0,3.0
2019-10-25,0.0,44.0,0.0
2019-10-26,1.0,31.0,1.0
2019-10-27,1.0,11.0,1.0
2019-10-28,0.0,14.0,1.0
2019-10-29,0.0,17.0,0.0
2019-10-3,0.0,23.0,1.0
2019-10-30,1.0,14.0,0.0
2019-10-31,0.0,18.0,1.0
2019-10-4,0.0,18.0,2.0
2019-10-5,0.0,24.0,2.0
2019-10-6,0.0,15.0,0.0
2019-10-7,1.0,20.0,1.0
2019-10-8,0.0,18.0,0.0
2019-10-9,0.0,30.0,5.0
2019-11-1,0.0,29.0,3.0
2019-11-10,0.0,20.0,0.0
2019-11-11,0.0,27.0,2.0
2019-11-12,0.0,36.0,0.0
2019-11-13,0.0,9.0,1.0
2019-11-14,0.0,9.0,0.0
2019-11-15,1.0,37.0,9.0
2019-11-16,0.0,12.0,2.0
2019-11-17,2.0,46.0,1.0
2019-11-18,1.0,14.0,0.0
2019-11-19,0.0,22.0,3.0
2019-11-2,0.0,18.0,1.0
2019-11-20,0.0,24.0,2.0
2019-11-21,1.0,31.0,1.0
2019-11-22,2.0,30.0,3.0
2019-11-23,2.0,42.0,1.0
2019-11-24,0.0,27.0,0.0
2019-11-25,0.0,37.0,0.0
2019-11-26,0.0,48.0,1.0
2019-11-27,2.0,82.0,4.0
2019-11-28,1.0,108.0,2.0
2019-11-29,1.0,41.0,1.0
2019-11-3,0.0,16.0,0.0
2019-11-30,3.0,34.0,3.0
2019-11-4,1.0,36.0,0.0
2019-11-5,0.0,39.0,7.0
2019-11-6,1.0,33.0,4.0
2019-11-7,0.0,27.0,2.0
2019-11-8,1.0,54.0,14.0
2019-11-9,0.0,49.0,4.0
2019-12-1,3.0,55.0,2.0
2019-12-10,14.0,238.0,8.0
2019-12-11,2.0,142.0,7.0
2019-12-12,8.0,150.0,19.0
2019-12-13,6.0,218.0,40.0
2019-12-14,13.0,64.0,7.0
2019-12-15,1.0,108.0,9.0
2019-12-16,0.0,68.0,0.0
2019-12-17,0.0,42.0,2.0
2019-12-18,1.0,26.0,1.0
2019-12-19,0.0,31.0,1.0
2019-12-2,2.0,56.0,1.0
2019-12-20,0.0,29.0,4.0
2019-12-21,0.0,42.0,1.0
2019-12-22,3.0,29.0,3.0
2019-12-23,1.0,43.0,4.0
2019-12-24,0.0,18.0,1.0
2019-12-25,0.0,15.0,0.0
2019-12-26,1.0,31.0,0.0
2019-12-27,0.0,28.0,1.0
2019-12-28,0.0,14.0,1.0
2019-12-29,1.0,13.0,0.0
2019-12-3,1.0,40.0,1.0
2019-12-30,0.0,15.0,0.0
2019-12-31,0.0,15.0,1.0
2019-12-4,0.0,11.0,2.0
2019-12-5,0.0,24.0,4.0
2019-12-6,1.0,67.0,5.0
2019-12-7,0.0,52.0,2.0
2019-12-8,2.0,95.0,10.0
2019-12-9,9.0,147.0,11.0
2019-2-1,1.0,47.0,1.0
2019-2-10,0.0,23.0,4.0
2019-2-11,0.0,80.0,5.0
2019-2-12,2.0,49.0,1.0
2019-2-13,0.0,29.0,7.0
2019-2-14,1.0,63.0,12.0
2019-2-15,0.0,47.0,0.0
2019-2-16,0.0,10.0,1.0
2019-2-17,1.0,62.0,0.0
2019-2-18,1.0,29.0,3.0
2019-2-19,2.0,57.0,4.0
2019-2-2,1.0,25.0,2.0
2019-2-20,0.0,46.0,4.0
2019-2-21,0.0,39.0,1.0
2019-2-22,0.0,32.0,3.0
2019-2-23,0.0,9.0,1.0
2019-2-24,0.0,13.0,3.0
2019-2-25,2.0,25.0,3.0
2019-2-26,0.0,8.0,0.0
2019-2-27,0.0,31.0,1.0
2019-2-28,1.0,50.0,10.0
2019-2-3,0.0,12.0,0.0
2019-2-4,1.0,26.0,2.0
2019-2-5,1.0,26.0,3.0
2019-2-6,1.0,26.0,4.0
2019-2-7,1.0,37.0,2.0
2019-2-8,2.0,126.0,26.0
2019-2-9,0.0,59.0,5.0
2019-3-1,1.0,71.0,2.0
2019-3-10,0.0,26.0,1.0
2019-3-11,3.0,34.0,3.0
2019-3-12,0.0,24.0,0.0
2019-3-13,1.0,20.0,1.0
2019-3-14,1.0,31.0,2.0
2019-3-15,318.0,3509.0,153.0
2019-3-16,168.0,2881.0,124.0
2019-3-17,57.0,1379.0,98.0
2019-3-18,21.0,953.0,72.0
2019-3-19,18.0,786.0,61.0
2019-3-2,2.0,48.0,0.0
2019-3-20,16.0,739.0,86.0
2019-3-21,23.0,838.0,84.0
2019-3-22,14.0,853.0,85.0
2019-3-23,7.0,734.0,120.0
2019-3-24,4.0,334.0,48.0
2019-3-25,4.0,307.0,31.0
2019-3-26,1.0,188.0,16.0
2019-3-27,4.0,246.0,31.0
2019-3-28,1.0,134.0,8.0
2019-3-29,6.0,286.0,7.0
2019-3-3,0.0,11.0,0.0
2019-3-30,3.0,108.0,9.0
2019-3-31,1.0,86.0,7.0
2019-3-4,0.0,27.0,1.0
2019-3-5,2.0,33.0,0.0
2019-3-6,0.0,25.0,1.0
2019-3-7,0.0,27.0,0.0
2019-3-8,8.0,176.0,4.0
2019-3-9,5.0,71.0,2.0
2019-4-1,4.0,70.0,1.0
2019-4-10,0.0,43.0,5.0
2019-4-11,5.0,200.0,10.0
2019-4-12,0.0,79.0,7.0
2019-4-13,0.0,33.0,4.0
2019-4-14,0.0,14.0,3.0
2019-4-15,2.0,37.0,3.0
2019-4-16,2.0,48.0,8.0
2019-4-17,2.0,116.0,9.0
2019-4-18,1.0,111.0,1.0
2019-4-19,2.0,116.0,5.0
2019-4-2,1.0,65.0,5.0
2019-4-20,0.0,38.0,0.0
2019-4-21,0.0,32.0,2.0
2019-4-22,2.0,86.0,8.0
2019-4-23,3.0,68.0,6.0
2019-4-24,3.0,30.0,5.0
2019-4-25,6.0,42.0,3.0
2019-4-26,0.0,51.0,1.0
2019-4-27,1.0,48.0,2.0
2019-4-28,2.0,73.0,0.0
2019-4-29,6.0,129.0,8.0
2019-4-3,2.0,54.0,2.0
2019-4-30,3.0,73.0,12.0
2019-4-4,7.0,143.0,4.0
2019-4-5,5.0,112.0,6.0
2019-4-6,2.0,57.0,5.0
2019-4-7,0.0,30.0,2.0
2019-4-8,1.0,39.0,6.0
2019-4-9,2.0,65.0,5.0
2019-5-1,3.0,66.0,8.0
2019-5-10,5.0,152.0,4.0
2019-5-11,1.0,54.0,6.0
2019-5-12,0.0,35.0,6.0
2019-5-13,2.0,37.0,2.0
2019-5-14,0.0,69.0,9.0
2019-5-15,2.0,148.0,9.0
2019-5-16,3.0,126.0,9.0
2019-5-17,0.0,169.0,6.0
2019-5-18,0.0,147.0,3.0
2019-5-19,3.0,143.0,8.0
2019-5-2,0.0,57.0,6.0
2019-5-20,3.0,52.0,9.0
2019-5-21,2.0,72.0,7.0
2019-5-22,2.0,163.0,9.0
2019-5-23,3.0,134.0,7.0
2019-5-24,2.0,103.0,6.0
2019-5-25,0.0,45.0,3.0
2019-5-26,2.0,56.0,5.0
2019-5-27,4.0,86.0,3.0
2019-5-28,2.0,63.0,5.0
2019-5-29,4.0,87.0,3.0
2019-5-3,0.0,59.0,3.0
2019-5-30,2.0,177.0,9.0
2019-5-31,4.0,68.0,7.0
2019-5-4,0.0,23.0,5.0
2019-5-5,0.0,14.0,1.0
2019-5-6,0.0,37.0,0.0
2019-5-7,0.0,29.0,0.0
2019-5-8,1.0,87.0,0.0
2019-5-9,1.0,53.0,3.0
2019-6-1,0.0,52.0,4.0
2019-6-10,1.0,34.0,5.0
2019-6-11,1.0,9.0,1.0
2019-6-12,1.0,79.0,8.0
2019-6-13,4.0,76.0,4.0
2019-6-14,8.0,118.0,14.0
2019-6-15,5.0,35.0,2.0
2019-6-16,2.0,23.0,1.0
2019-6-17,4.0,28.0,2.0
2019-6-18,5.0,42.0,2.0
2019-6-19,0.0,34.0,1.0
2019-6-2,1.0,24.0,0.0
2019-6-20,2.0,72.0,2.0
2019-6-21,6.0,32.0,2.0
2019-6-22,3.0,10.0,0.0
2019-6-23,4.0,29.0,0.0
2019-6-24,3.0,55.0,0.0
2019-6-25,4.0,107.0,16.0
2019-6-26,3.0,25.0,4.0
2019-6-27,0.0,43.0,1.0
2019-6-28,3.0,69.0,3.0
2019-6-29,1.0,27.0,2.0
2019-6-3,2.0,88.0,3.0
2019-6-30,2.0,38.0,2.0
2019-6-4,1.0,44.0,2.0
2019-6-5,2.0,65.0,1.0
2019-6-6,1.0,44.0,3.0
2019-6-7,0.0,21.0,3.0
2019-6-8,0.0,13.0,0.0
2019-6-9,2.0,25.0,2.0
2019-7-1,4.0,33.0,3.0
2019-7-10,4.0,63.0,3.0
2019-7-11,0.0,41.0,4.0
2019-7-12,4.0,50.0,5.0
2019-7-13,4.0,45.0,5.0
2019-7-14,3.0,57.0,2.0
2019-7-15,3.0,54.0,12.0
2019-7-16,0.0,49.0,7.0
2019-7-17,1.0,47.0,9.0
2019-7-18,1.0,43.0,4.0
2019-7-19,3.0,67.0,4.0
2019-7-2,2.0,23.0,1.0
2019-7-20,0.0,28.0,1.0
2019-7-21,0.0,44.0,4.0
2019-7-22,2.0,24.0,2.0
2019-7-23,0.0,20.0,0.0
2019-7-24,1.0,60.0,0.0
2019-7-25,1.0,66.0,0.0
2019-7-26,1.0,105.0,0.0
2019-7-27,3.0,25.0,1.0
2019-7-28,0.0,27.0,0.0
2019-7-29,4.0,45.0,2.0
2019-7-3,2.0,37.0,3.0
2019-7-30,3.0,64.0,1.0
2019-7-31,2.0,65.0,1.0
2019-7-4,2.0,33.0,2.0
2019-7-5,5.0,64.0,4.0
2019-7-6,3.0,57.0,2.0
2019-7-7,0.0,20.0,1.0
2019-7-8,1.0,59.0,3.0
2019-7-9,3.0,98.0,7.0
2019-8-1,7.0,69.0,0.0
2019-8-10,2.0,35.0,1.0
2019-8-11,1.0,27.0,0.0
2019-8-12,0.0,80.0,3.0
2019-8-13,0.0,26.0,0.0
2019-8-14,0.0,23.0,1.0
2019-8-15,1.0,42.0,0.0
2019-8-16,1.0,50.0,4.0
2019-8-17,1.0,37.0,1.0
2019-8-18,1.0,15.0,1.0
2019-8-19,0.0,26.0,0.0
2019-8-2,2.0,46.0,2.0
2019-8-20,0.0,19.0,1.0
2019-8-21,0.0,13.0,1.0
2019-8-22,0.0,22.0,1.0
2019-8-23,0.0,43.0,3.0
2019-8-24,0.0,13.0,1.0
2019-8-25,0.0,29.0,1.0
2019-8-26,0.0,29.0,0.0
2019-8-27,1.0,12.0,0.0
2019-8-28,0.0,71.0,5.0
2019-8-29,2.0,63.0,2.0
2019-8-3,2.0,16.0,0.0
2019-8-30,1.0,28.0,0.0
2019-8-31,0.0,26.0,2.0
2019-8-4,6.0,99.0,5.0
2019-8-5,3.0,176.0,5.0
2019-8-6,1.0,115.0,3.0
2019-8-7,2.0,41.0,0.0
2019-8-8,3.0,128.0,4.0
2019-8-9,2.0,134.0,7.0
2019-9-1,0.0,15.0,3.0
2019-9-10,4.0,98.0,4.0
2019-9-11,11.0,156.0,12.0
2019-9-12,1.0,32.0,2.0
2019-9-13,2.0,52.0,5.0
2019-9-14,4.0,83.0,5.0
2019-9-15,5.0,71.0,7.0
2019-9-16,4.0,80.0,6.0
2019-9-17,5.0,99.0,3.0
2019-9-18,3.0,81.0,2.0
2019-9-19,1.0,25.0,1.0
2019-9-2,0.0,14.0,0.0
2019-9-20,3.0,68.0,8.0
2019-9-21,4.0,20.0,1.0
2019-9-22,1.0,12.0,0.0
2019-9-23,1.0,59.0,1.0
2019-9-24,3.0,30.0,1.0
2019-9-25,2.0,32.0,0.0
2019-9-26,2.0,28.0,3.0
2019-9-27,4.0,27.0,1.0
2019-9-28,3.0,21.0,1.0
2019-9-29,1.0,25.0,1.0
2019-9-3,1.0,45.0,1.0
2019-9-30,3.0,32.0,4.0
2019-9-4,0.0,17.0,0.0
2019-9-5,0.0,17.0,0.0
2019-9-6,0.0,36.0,0.0
2019-9-7,0.0,76.0,3.0
2019-9-8,1.0,12.0,0.0
2019-9-9,4.0,109.0,7.0
2020-1-1,1.0,87.0,5.0
2020-1-10,0.0,47.0,7.0
2020-1-11,5.0,85.0,3.0
2020-1-12,1.0,74.0,0.0
2020-1-13,3.0,71.0,1.0
2020-1-14,1.0,26.0,1.0
2020-1-15,2.0,50.0,5.0
2020-1-16,0.0,33.0,1.0
2020-1-17,2.0,24.0,2.0
2020-1-18,0.0,18.0,1.0
2020-1-19,0.0,20.0,0.0
2020-1-2,1.0,39.0,5.0
2020-1-20,0.0,50.0,3.0
2020-1-21,1.0,48.0,1.0
2020-1-22,0.0,44.0,2.0
2020-1-23,1.0,43.0,2.0
2020-1-24,2.0,20.0,0.0
2020-1-25,3.0,9.0,1.0
2020-1-26,7.0,16.0,1.0
2020-1-27,1.0,27.0,4.0
2020-1-28,0.0,28.0,8.0
2020-1-29,2.0,21.0,2.0
2020-1-3,2.0,40.0,6.0
2020-1-30,6.0,36.0,2.0
2020-1-31,2.0,54.0,4.0
2020-1-4,0.0,17.0,3.0
2020-1-5,0.0,9.0,0.0
2020-1-6,0.0,21.0,1.0
2020-1-7,2.0,64.0,1.0
2020-1-8,1.0,69.0,5.0
2020-1-9,0.0,37.0,1.0
2020-2-1,1.0,33.0,4.0
2020-2-10,4.0,31.0,4.0
2020-2-11,3.0,250.0,3.0
2020-2-12,2.0,103.0,4.0
2020-2-13,0.0,52.0,2.0
2020-2-14,0.0,60.0,2.0
2020-2-15,5.0,75.0,4.0
2020-2-16,3.0,40.0,0.0
2020-2-17,0.0,56.0,0.0
2020-2-18,0.0,56.0,1.0
2020-2-19,3.0,47.0,1.0
2020-2-2,1.0,11.0,1.0
2020-2-20,3.0,48.0,1.0
2020-2-21,2.0,32.0,0.0
2020-2-22,2.0,22.0,1.0
2020-2-23,1.0,14.0,0.0
2020-2-24,0.0,10.0,5.0
2020-2-25,1.0,33.0,1.0
2020-2-26,2.0,25.0,1.0
2020-2-27,0.0,82.0,1.0
2020-2-28,3.0,93.0,2.0
2020-2-29,2.0,27.0,2.0
2020-2-3,0.0,58.0,1.0
2020-2-4,2.0,28.0,0.0
2020-2-5,1.0,20.0,0.0
2020-2-6,6.0,23.0,3.0
2020-2-7,1.0,36.0,2.0
2020-2-8,3.0,9.0,0.0
2020-2-9,5.0,23.0,2.0
2020-3-1,1.0,15.0,0.0
2020-3-10,2.0,89.0,3.0
2020-3-11,5.0,27.0,1.0
2020-3-12,1.0,51.0,1.0
2020-3-13,1.0,58.0,2.0
2020-3-14,0.0,18.0,1.0
2020-3-15,3.0,20.0,1.0
2020-3-16,3.0,27.0,1.0
2020-3-17,0.0,47.0,3.0
2020-3-18,1.0,64.0,3.0
2020-3-19,1.0,36.0,1.0
2020-3-2,0.0,21.0,0.0
2020-3-20,5.0,36.0,0.0
2020-3-21,5.0,60.0,1.0
2020-3-22,6.0,64.0,2.0
2020-3-23,0.0,101.0,5.0
2020-3-24,1.0,120.0,12.0
2020-3-25,15.0,459.0,37.0
2020-3-26,8.0,541.0,42.0
2020-3-27,6.0,369.0,20.0
2020-3-28,4.0,255.0,19.0
2020-3-29,0.0,236.0,21.0
2020-3-3,2.0,67.0,1.0
2020-3-30,1.0,164.0,18.0
2020-3-31,5.0,200.0,19.0
2020-3-4,1.0,40.0,2.0
2020-3-5,3.0,23.0,3.0
2020-3-6,3.0,32.0,0.0
2020-3-7,2.0,56.0,2.0
2020-3-8,10.0,107.0,7.0
2020-3-9,5.0,96.0,13.0
2020-4-1,1.0,143.0,12.0
2020-4-10,3.0,218.0,20.0
2020-4-11,1.0,103.0,12.0
2020-4-12,1.0,101.0,10.0
2020-4-13,3.0,118.0,21.0
2020-4-14,2.0,125.0,7.0
2020-4-15,2.0,150.0,13.0
2020-4-16,3.0,80.0,7.0
2020-4-17,2.0,65.0,5.0
2020-4-18,1.0,96.0,14.0
2020-4-19,2.0,83.0,5.0
2020-4-2,3.0,190.0,11.0
2020-4-20,2.0,135.0,44.0
2020-4-21,2.0,82.0,21.0
2020-4-22,8.0,177.0,8.0
2020-4-23,0.0,82.0,8.0
2020-4-24,2.0,108.0,12.0
2020-4-25,1.0,76.0,1.0
2020-4-26,1.0,39.0,1.0
2020-4-27,3.0,64.0,5.0
2020-4-28,3.0,102.0,7.0
2020-4-29,1.0,35.0,0.0
2020-4-3,2.0,135.0,5.0
2020-4-30,0.0,61.0,5.0
2020-4-4,1.0,141.0,15.0
2020-4-5,5.0,163.0,34.0
2020-4-6,3.0,86.0,12.0
2020-4-7,1.0,167.0,18.0
2020-4-8,7.0,234.0,31.0
2020-4-9,0.0,189.0,8.0
2020-5-1,1.0,102.0,22.0
2020-5-10,0.0,59.0,3.0
2020-5-11,0.0,13.0,1.0
2020-5-12,0.0,81.0,6.0
2020-5-13,2.0,129.0,5.0
2020-5-14,1.0,77.0,5.0
2020-5-15,0.0,84.0,0.0
2020-5-16,1.0,31.0,1.0
2020-5-17,1.0,47.0,1.0
2020-5-18,1.0,60.0,0.0
2020-5-19,0.0,14.0,1.0
2020-5-2,3.0,79.0,6.0
2020-5-20,1.0,87.0,5.0
2020-5-21,10.0,82.0,11.0
2020-5-3,1.0,81.0,2.0
2020-5-4,0.0,107.0,4.0
2020-5-5,1.0,57.0,9.0
2020-5-6,1.0,62.0,3.0
2020-5-7,2.0,40.0,3.0
2020-5-8,2.0,51.0,6.0
2020-5-9,1.0,30.0,3.0
